{
	"$schema": "https://biomejs.dev/schemas/1.5.3/schema.json",
	"formatter": {
		"enabled": true,
		"formatWithErrors": false,
		"indentStyle": "tab",
		"indentWidth": 2,
		"lineWidth": 120,
		"lineEnding": "lf",
		"ignore": [
			".turbo",
			".vercel",
			".contentlayer",
			".next",
			"coverage",
			"dist",
			"dist-docs",
			"docs",
			"CHANGELOG.md",
			"tsup.config.bundled*"
		]
	},
	"javascript": {
		"formatter": {
			"enabled": true,
			"quoteStyle": "single",
			"quoteProperties": "asNeeded",
			"trailingComma": "all",
			"semicolons": "always"
		}
	},
	"files": {
		"ignoreUnknown": true,
		"maxSize": 1000000
	}
}
